{
    "mse": 668387124.9401709,
    "mae": 16645.957264957266,
    "r2": 0.6452711434838942
}
